-- Auto-generated by scripts/generate-seed-sql.ts — do not edit by hand.
-- Mirrors src/lib/seed.ts. Run after schema.sql.

insert into categories (id,name,slug,hero_image,description,seo,sort) values ('cat-kurti','Kurti','kurti','https://picsum.photos/seed/vf-kurti/900/1200','Printed and foil kurti fabrics in cambric, cotton and discharge — the heart of our collection for ladies'' ethnic wear.','{"title":"Kurti Fabrics — Vintage Fabric","description":"Premium printed & foil kurti fabrics by Vintage Fabric, Ahmedabad. Cambric, cotton and discharge qualities for wholesale & export.","keywords":["kurti fabric","printed kurti fabric","wholesale kurti fabric Ahmedabad"]}'::jsonb,1) on conflict (id) do nothing;
insert into categories (id,name,slug,hero_image,description,seo,sort) values ('cat-dress','Dress','dress','https://picsum.photos/seed/vf-dress/900/1200','Flowing dress materials with refined prints and finishes, built for premium ready-to-wear and export buyers.','{"title":"Dress Materials — Vintage Fabric","description":"Elegant dress materials by Vintage Fabric — refined prints, dependable widths, export-ready quality.","keywords":["dress material","printed dress fabric","export dress fabric India"]}'::jsonb,2) on conflict (id) do nothing;
insert into categories (id,name,slug,hero_image,description,seo,sort) values ('cat-coord','Co-Ord','co-ord','https://picsum.photos/seed/vf-coord/900/1200','Coordinated top + bottom fabric sets — matched prints and stripes designed to be sold together.','{"title":"Co-Ord Set Fabrics — Vintage Fabric","description":"Co-ord set fabrics (matched top + bottom) by Vintage Fabric. Floral, foil and discharge designs for modern ethnic wear.","keywords":["co-ord set fabric","coordinated fabric set","top bottom fabric set"]}'::jsonb,3) on conflict (id) do nothing;
insert into categories (id,name,slug,hero_image,description,seo,sort) values ('cat-3piece','3-Piece','3-piece','https://picsum.photos/seed/vf-3piece/900/1200','Three-piece suit sets — plain kurti, bottom and a printed dupatta, ready to stitch into a complete look.','{"title":"3-Piece Suit Fabrics — Vintage Fabric","description":"Three-piece suit fabric sets (kurti + bottom + printed dupatta) by Vintage Fabric, Ahmedabad.","keywords":["3 piece suit fabric","unstitched suit set","dupatta suit set"]}'::jsonb,4) on conflict (id) do nothing;

insert into qualities (id,name,code,slug,fabric_type,width,composition,foil,hero_image,category_id,seo) values ('q-cambric-procian-heavy','60×60 Cambric Procian Heavy Print','cambric-procian-heavy-print','cambric-procian-heavy-print','60×60 Cambric','58"','100% Cotton',true,'https://picsum.photos/seed/vf-q-cambric/900/1200','cat-coord','{"title":"60×60 Cambric Procian Heavy Print — Vintage Fabric","description":"60×60 cambric procian heavy print, 58\" width, 100% cotton, foil finish. A signature Vintage Fabric quality.","keywords":["cambric fabric","procian print","60x60 cambric","foil print fabric"]}'::jsonb) on conflict (id) do nothing;
insert into qualities (id,name,code,slug,fabric_type,width,composition,foil,hero_image,category_id,seo) values ('q-vertical-discharge','Vertical Discharge 56"','vertical-discharge-56','vertical-discharge-56','Discharge Print','56"','100% Cotton',true,'https://picsum.photos/seed/vf-q-discharge/900/1200','cat-coord','{"title":"Vertical Discharge 56\" Foil — Vintage Fabric","description":"Vertical discharge print, 56\" width, foil finish — used in the SOULITAIRE co-ord series.","keywords":["discharge print fabric","vertical discharge","foil fabric 56 inch"]}'::jsonb) on conflict (id) do nothing;
insert into qualities (id,name,code,slug,fabric_type,width,composition,foil,hero_image,category_id,seo) values ('q-dhabhu-plain','Dhabhu Plain','dhabhu-plain','dhabhu-plain','Dhabhu Plain','58"','100% Cotton',false,'https://picsum.photos/seed/vf-q-dhabhu/900/1200','cat-3piece','{"title":"Dhabhu Plain Cotton — Vintage Fabric","description":"Dhabhu plain cotton kurti base, 58\" width — paired with procian printed dupattas in the INDRIYA 3-piece sets.","keywords":["dhabhu plain","plain cotton kurti fabric","kurti base fabric"]}'::jsonb) on conflict (id) do nothing;
insert into qualities (id,name,code,slug,fabric_type,width,composition,foil,hero_image,category_id,seo) values ('q-cotton-floral','Cotton Floral Print','cotton-floral-print','cotton-floral-print','Cotton Print','56"','100% Cotton',false,'https://picsum.photos/seed/vf-q-floral/900/1200','cat-coord','{"title":"Cotton Floral Print — Vintage Fabric","description":"Soft cotton floral print, 56\" width — the base of the UNIVERSE co-ord designs.","keywords":["cotton floral print","floral kurti fabric","printed cotton fabric"]}'::jsonb) on conflict (id) do nothing;

insert into collections (id,title,slug,type,hero_image,description,status,seo) values ('col-universe','UNIVERSE','universe','series','https://picsum.photos/seed/vf-universe/900/1200','Floral and printed co-ord sets with a contemporary, multi-region appeal — easy to wear, easy to sell.','published','{"title":"UNIVERSE Series — Vintage Fabric","description":"The UNIVERSE series: floral & printed co-ord set fabrics by Vintage Fabric.","keywords":["UNIVERSE series","co-ord fabric series","floral co-ord fabric"]}'::jsonb) on conflict (id) do nothing;
insert into collections (id,title,slug,type,hero_image,description,status,seo) values ('col-soulitaire','SOULITAIRE','soulitaire','series','https://picsum.photos/seed/vf-soulitaire/900/1200','Foil vertical-discharge co-ords with a jewel-like finish — premium designs for the discerning buyer.','published','{"title":"SOULITAIRE Series — Vintage Fabric","description":"The SOULITAIRE series: foil vertical-discharge co-ord set fabrics by Vintage Fabric.","keywords":["SOULITAIRE series","foil co-ord fabric","discharge co-ord set"]}'::jsonb) on conflict (id) do nothing;
insert into collections (id,title,slug,type,hero_image,description,status,seo) values ('col-indriya','INDRIYA','indriya','series','https://picsum.photos/seed/vf-indriya/900/1200','Three-piece sets pairing plain dhabhu kurti bases with procian printed dupattas — a complete, ready-to-stitch look.','published','{"title":"INDRIYA Series — Vintage Fabric","description":"The INDRIYA series: 3-piece suit sets (plain kurti + printed dupatta) by Vintage Fabric.","keywords":["INDRIYA series","3 piece suit set","dupatta suit fabric"]}'::jsonb) on conflict (id) do nothing;
insert into collections (id,title,slug,type,hero_image,description,status,seo) values ('col-sunshine','SUNSHINE','sunshine','series','https://picsum.photos/seed/vf-sunshine/900/1200','Bright cambric procian heavy prints with foil tops and matched bottoms — our sunniest, best-selling co-ords.','published','{"title":"SUNSHINE Series — Vintage Fabric","description":"The SUNSHINE series: 60×60 cambric procian heavy print co-ord sets by Vintage Fabric.","keywords":["SUNSHINE series","cambric co-ord","heavy print co-ord set"]}'::jsonb) on conflict (id) do nothing;

insert into designs (id,title,slug,design_no,category_id,quality_id,collection_id,images,description,status,seo) values ('d-universe-10400','UNIVERSE Floral Co-Ord','universe-floral-co-ord-10400','D.No. 10400','cat-coord','q-cotton-floral','col-universe','{"front":{"url":"https://picsum.photos/seed/vf-d-10400-f/900/1200","alt":"UNIVERSE floral co-ord D.No. 10400 — front view"},"back":{"url":"https://picsum.photos/seed/vf-d-10400-b/900/1200","alt":"UNIVERSE floral co-ord D.No. 10400 — back view"},"colourways":[{"url":"https://picsum.photos/seed/vf-d-10400-c1/600/800","alt":"UNIVERSE D.No. 10400 — wine colourway"},{"url":"https://picsum.photos/seed/vf-d-10400-c2/600/800","alt":"UNIVERSE D.No. 10400 — teal colourway"},{"url":"https://picsum.photos/seed/vf-d-10400-c3/600/800","alt":"UNIVERSE D.No. 10400 — mustard colourway"}]}'::jsonb,'A floral co-ord set from the UNIVERSE series — a printed top with a coordinated bottom on soft 56" cotton.','published',null) on conflict (id) do nothing;
insert into collection_items (collection_id,design_id) values ('col-universe','d-universe-10400') on conflict do nothing;
insert into designs (id,title,slug,design_no,category_id,quality_id,collection_id,images,description,status,seo) values ('d-universe-9241','UNIVERSE Printed Top + Striped Bottom','universe-printed-top-striped-bottom-9241','9241-TOP / 9242-BOTTOM','cat-coord','q-cotton-floral','col-universe','{"front":{"url":"https://picsum.photos/seed/vf-d-9241-f/900/1200","alt":"UNIVERSE printed top + striped bottom 9241/9242 — front view"},"back":{"url":"https://picsum.photos/seed/vf-d-9241-b/900/1200","alt":"UNIVERSE printed top + striped bottom 9241/9242 — back view"},"colourways":[{"url":"https://picsum.photos/seed/vf-d-9241-c1/600/800","alt":"UNIVERSE 9241 — indigo colourway"},{"url":"https://picsum.photos/seed/vf-d-9241-c2/600/800","alt":"UNIVERSE 9241 — rust colourway"}]}'::jsonb,'A co-ord pairing a printed top (9241) with a striped bottom (9242) — a multi-region favourite.','published',null) on conflict (id) do nothing;
insert into collection_items (collection_id,design_id) values ('col-universe','d-universe-9241') on conflict do nothing;
insert into designs (id,title,slug,design_no,category_id,quality_id,collection_id,images,description,status,seo) values ('d-soulitaire-5025','SOULITAIRE Foil Co-Ord 5025','soulitaire-foil-co-ord-5025','D.No. 5025 FOIL','cat-coord','q-vertical-discharge','col-soulitaire','{"front":{"url":"https://picsum.photos/seed/vf-d-5025-f/900/1200","alt":"SOULITAIRE foil co-ord D.No. 5025 — front view"},"neck":{"url":"https://picsum.photos/seed/vf-d-5025-n/900/1200","alt":"SOULITAIRE foil co-ord D.No. 5025 — neck detail"},"colourways":[{"url":"https://picsum.photos/seed/vf-d-5025-c1/600/800","alt":"SOULITAIRE 5025 — emerald foil colourway"},{"url":"https://picsum.photos/seed/vf-d-5025-c2/600/800","alt":"SOULITAIRE 5025 — wine foil colourway"}]}'::jsonb,'A foil vertical-discharge co-ord set on 56" cotton — part of the premium SOULITAIRE series.','published',null) on conflict (id) do nothing;
insert into collection_items (collection_id,design_id) values ('col-soulitaire','d-soulitaire-5025') on conflict do nothing;
insert into designs (id,title,slug,design_no,category_id,quality_id,collection_id,images,description,status,seo) values ('d-soulitaire-5027','SOULITAIRE Foil Co-Ord 5027','soulitaire-foil-co-ord-5027','D.No. 5027 FOIL','cat-coord','q-vertical-discharge','col-soulitaire','{"front":{"url":"https://picsum.photos/seed/vf-d-5027-f/900/1200","alt":"SOULITAIRE foil co-ord D.No. 5027 — front view"},"neck":{"url":"https://picsum.photos/seed/vf-d-5027-n/900/1200","alt":"SOULITAIRE foil co-ord D.No. 5027 — neck detail"},"colourways":[{"url":"https://picsum.photos/seed/vf-d-5027-c1/600/800","alt":"SOULITAIRE 5027 — sapphire foil colourway"},{"url":"https://picsum.photos/seed/vf-d-5027-c2/600/800","alt":"SOULITAIRE 5027 — black foil colourway"}]}'::jsonb,'A second foil vertical-discharge co-ord (D.No. 5027) on 56" cotton from the SOULITAIRE series.','published',null) on conflict (id) do nothing;
insert into collection_items (collection_id,design_id) values ('col-soulitaire','d-soulitaire-5027') on conflict do nothing;
insert into designs (id,title,slug,design_no,category_id,quality_id,collection_id,images,description,status,seo) values ('d-indriya-6212','INDRIYA 3-Piece — Dhabhu Plain-9 + Procian Dupatta','indriya-3-piece-dhabhu-plain-9-6212','Dhabhu Plain-9 + Dupatta D.No. 6212','cat-3piece','q-dhabhu-plain','col-indriya','{"front":{"url":"https://picsum.photos/seed/vf-d-6212-f/900/1200","alt":"INDRIYA 3-piece Dhabhu Plain-9 — kurti front view"},"dupatta":{"url":"https://picsum.photos/seed/vf-d-6212-d/900/1200","alt":"INDRIYA procian printed dupatta D.No. 6212"},"colourways":[{"url":"https://picsum.photos/seed/vf-d-6212-c1/600/800","alt":"INDRIYA 6212 — blush colourway"},{"url":"https://picsum.photos/seed/vf-d-6212-c2/600/800","alt":"INDRIYA 6212 — sage colourway"}]}'::jsonb,'A 3-piece set: a Dhabhu Plain-9 kurti base with a procian printed dupatta (D.No. 6212) and matching bottom.','published',null) on conflict (id) do nothing;
insert into collection_items (collection_id,design_id) values ('col-indriya','d-indriya-6212') on conflict do nothing;
insert into designs (id,title,slug,design_no,category_id,quality_id,collection_id,images,description,status,seo) values ('d-indriya-6210','INDRIYA 3-Piece — Dhabhu Plain-5 + Procian Dupatta','indriya-3-piece-dhabhu-plain-5-6210','Dhabhu Plain-5 + Dupatta D.No. 6210','cat-3piece','q-dhabhu-plain','col-indriya','{"front":{"url":"https://picsum.photos/seed/vf-d-6210-f/900/1200","alt":"INDRIYA 3-piece Dhabhu Plain-5 — kurti front view"},"dupatta":{"url":"https://picsum.photos/seed/vf-d-6210-d/900/1200","alt":"INDRIYA procian printed dupatta D.No. 6210"},"colourways":[{"url":"https://picsum.photos/seed/vf-d-6210-c1/600/800","alt":"INDRIYA 6210 — peach colourway"},{"url":"https://picsum.photos/seed/vf-d-6210-c2/600/800","alt":"INDRIYA 6210 — slate colourway"}]}'::jsonb,'A 3-piece set: a Dhabhu Plain-5 kurti base with a procian printed dupatta (D.No. 6210) and matching bottom.','published',null) on conflict (id) do nothing;
insert into collection_items (collection_id,design_id) values ('col-indriya','d-indriya-6210') on conflict do nothing;
insert into designs (id,title,slug,design_no,category_id,quality_id,collection_id,images,description,status,seo) values ('d-sunshine-507','SUNSHINE Cambric Co-Ord (Top 507 / Bottom 105)','sunshine-cambric-co-ord-507-105','Top 507 (foil) / Bottom 105','cat-coord','q-cambric-procian-heavy','col-sunshine','{"front":{"url":"https://picsum.photos/seed/vf-d-507-f/900/1200","alt":"SUNSHINE cambric co-ord Top 507 — front view"},"back":{"url":"https://picsum.photos/seed/vf-d-507-b/900/1200","alt":"SUNSHINE cambric co-ord Top 507 — back view"},"colourways":[{"url":"https://picsum.photos/seed/vf-d-507-c1/600/800","alt":"SUNSHINE 507 — sunflower colourway"},{"url":"https://picsum.photos/seed/vf-d-507-c2/600/800","alt":"SUNSHINE 507 — coral colourway"},{"url":"https://picsum.photos/seed/vf-d-507-c3/600/800","alt":"SUNSHINE 507 — wine colourway"}]}'::jsonb,'The SUNSHINE signature: a 60×60 cambric procian heavy print co-ord — foil top (507) with matched bottom (105) on 58" cotton.','published',null) on conflict (id) do nothing;
insert into collection_items (collection_id,design_id) values ('col-sunshine','d-sunshine-507') on conflict do nothing;
insert into designs (id,title,slug,design_no,category_id,quality_id,collection_id,images,description,status,seo) values ('d-sunshine-512','SUNSHINE Cambric Co-Ord (Top 512 / Bottom 110)','sunshine-cambric-co-ord-512-110','Top 512 (foil) / Bottom 110','cat-coord','q-cambric-procian-heavy','col-sunshine','{"front":{"url":"https://picsum.photos/seed/vf-d-512-f/900/1200","alt":"SUNSHINE cambric co-ord Top 512 — front view"},"back":{"url":"https://picsum.photos/seed/vf-d-512-b/900/1200","alt":"SUNSHINE cambric co-ord Top 512 — back view"},"colourways":[{"url":"https://picsum.photos/seed/vf-d-512-c1/600/800","alt":"SUNSHINE 512 — turquoise colourway"},{"url":"https://picsum.photos/seed/vf-d-512-c2/600/800","alt":"SUNSHINE 512 — magenta colourway"}]}'::jsonb,'A companion SUNSHINE design — 60×60 cambric procian heavy print with a foil top (512) and matched bottom (110).','published',null) on conflict (id) do nothing;
insert into collection_items (collection_id,design_id) values ('col-sunshine','d-sunshine-512') on conflict do nothing;
insert into designs (id,title,slug,design_no,category_id,quality_id,collection_id,images,description,status,seo) values ('d-universe-kurti-2201','UNIVERSE Printed Kurti 2201','universe-printed-kurti-2201','D.No. 2201','cat-kurti','q-cotton-floral','col-universe','{"front":{"url":"https://picsum.photos/seed/vf-d-2201-f/900/1200","alt":"UNIVERSE printed kurti D.No. 2201 — front view"},"neck":{"url":"https://picsum.photos/seed/vf-d-2201-n/900/1200","alt":"UNIVERSE printed kurti D.No. 2201 — neck detail"},"colourways":[{"url":"https://picsum.photos/seed/vf-d-2201-c1/600/800","alt":"UNIVERSE 2201 — rose colourway"},{"url":"https://picsum.photos/seed/vf-d-2201-c2/600/800","alt":"UNIVERSE 2201 — ink colourway"}]}'::jsonb,'A standalone printed kurti fabric on soft cotton — small all-over floral, easy to stitch and stock.','published',null) on conflict (id) do nothing;
insert into collection_items (collection_id,design_id) values ('col-universe','d-universe-kurti-2201') on conflict do nothing;
insert into designs (id,title,slug,design_no,category_id,quality_id,collection_id,images,description,status,seo) values ('d-sunshine-dress-880','SUNSHINE Cambric Dress Material 880','sunshine-cambric-dress-material-880','D.No. 880','cat-dress','q-cambric-procian-heavy','col-sunshine','{"front":{"url":"https://picsum.photos/seed/vf-d-880-f/900/1200","alt":"SUNSHINE cambric dress material D.No. 880 — front view"},"colourways":[{"url":"https://picsum.photos/seed/vf-d-880-c1/600/800","alt":"SUNSHINE 880 — amber colourway"},{"url":"https://picsum.photos/seed/vf-d-880-c2/600/800","alt":"SUNSHINE 880 — plum colourway"}]}'::jsonb,'A flowing cambric dress material with a heavy procian print — a versatile single-piece option for ready-to-wear.','published',null) on conflict (id) do nothing;
insert into collection_items (collection_id,design_id) values ('col-sunshine','d-sunshine-dress-880') on conflict do nothing;

insert into journal (id,title,slug,excerpt,body,tags,seo,published_at) values ('j-cambric-care','How to Care for Cambric & Cotton Print Fabrics','care-for-cambric-cotton-print-fabrics','Simple washing and storage tips to keep printed cambric and cotton looking fresh, season after season.','Cambric and fine cotton prints reward a little gentle care.

**Washing.** Use cold water and a mild detergent for the first few washes; turn printed garments inside out to protect foil and procian prints. Avoid harsh bleaching.

**Drying.** Dry in shade. Direct, prolonged sun can dull bright procian colours over time.

**Ironing.** Iron on the reverse side at a medium setting. For foil designs, place a thin cloth between the iron and the foil.

**Storage.** Keep folded in a cool, dry place. A breathable cotton bag is better than plastic for long-term storage.

Treated this way, a good cambric procian print holds its colour and hand-feel for years — which is exactly what buyers expect from a quality fabric.',array['fabric care','cambric','cotton'],'{"title":"How to Care for Cambric & Cotton Print Fabrics — Vintage Fabric","description":"Washing, drying, ironing and storage tips for printed cambric and cotton fabrics from Vintage Fabric.","keywords":["fabric care","how to wash cambric","cotton print care"]}'::jsonb,'2026-01-15') on conflict (id) do nothing;
insert into journal (id,title,slug,excerpt,body,tags,seo,published_at) values ('j-coord-trend','Why Co-Ord Sets Are Winning in Ethnic Wear','why-co-ord-sets-are-winning-ethnic-wear','Matched top-and-bottom sets sell themselves. Here''s why co-ords keep gaining ground with retailers and buyers.','Co-ord sets — a printed top with a coordinated or contrasting bottom — have moved from a trend to a staple.

**They''re easy to sell.** A matched set removes the guesswork for the end customer; the styling is already done.

**They photograph well.** A complete look is more compelling online than a single panel of fabric.

**They suit every region.** Floral, striped, foil or discharge — the same co-ord format flexes across markets, which is why series like UNIVERSE and SOULITAIRE travel so well.

For wholesalers and exporters, co-ords mean higher average order value and a cleaner range. That''s a trend worth stocking.',array['trends','co-ord'],'{"title":"Why Co-Ord Sets Are Winning in Ethnic Wear — Vintage Fabric","description":"A look at why coordinated top-and-bottom fabric sets keep gaining ground with retailers and exporters.","keywords":["co-ord trend","ethnic wear trends","co-ord set wholesale"]}'::jsonb,'2026-02-10') on conflict (id) do nothing;
insert into journal (id,title,slug,excerpt,body,tags,seo,published_at) values ('j-export-guide','A Short Guide to Sourcing Fabrics from India for Export','sourcing-fabrics-from-india-export-guide','What international buyers should know about widths, compositions and lead times when sourcing from Ahmedabad.','India remains one of the world''s great fabric sources — and Ahmedabad is at the centre of it.

**Know your width.** Most of our qualities run 56" or 58". Confirm width up front, since it affects yield and garment costing.

**Composition matters.** Our prints are on 100% cotton bases like cambric and dhabhu. Ask for the exact composition for your customs and labelling needs.

**Mind the finish.** Foil and discharge finishes look spectacular but have specific care needs — share these with your end customers.

**Lead times & MOQs.** Talk to us early about quantities and timelines so we can plan production around your shipping windows.

When in doubt, request our catalog and send an inquiry — we''ll guide you through what suits your market.',array['export','guide'],'{"title":"Sourcing Fabrics from India for Export — Vintage Fabric","description":"A practical guide for international buyers on widths, compositions, finishes and lead times when sourcing fabrics from Ahmedabad.","keywords":["fabric sourcing India","export fabric guide","buy fabric from Ahmedabad"]}'::jsonb,'2026-03-05') on conflict (id) do nothing;
