-- Auto-generated by scripts/generate-seed-sql.ts — do not edit by hand.
-- Mirrors src/lib/seed.ts. Run after schema.sql.

insert into categories (id,name,slug,hero_image,description,seo,sort) values ('cat-kurti','Kurti','kurti','https://picsum.photos/seed/vf-kurti/900/1200','Printed and foil kurti fabrics in cambric, cotton and discharge, the heart of our collection for ladies'' ethnic wear.','{"title":"Kurti Fabrics | Vintage Fabric","description":"Premium printed & foil kurti fabrics by Vintage Fabric, Ahmedabad. Cambric, cotton and discharge qualities for wholesale & export.","keywords":["kurti fabric","printed kurti fabric","wholesale kurti fabric Ahmedabad"]}'::jsonb,1) on conflict (id) do nothing;
insert into categories (id,name,slug,hero_image,description,seo,sort) values ('cat-dress','Dress','dress','https://picsum.photos/seed/vf-dress/900/1200','Flowing dress materials with refined prints and finishes, built for premium ready-to-wear and export buyers.','{"title":"Dress Materials | Vintage Fabric","description":"Elegant dress materials by Vintage Fabric, refined prints, dependable widths, export-ready quality.","keywords":["dress material","printed dress fabric","export dress fabric India"]}'::jsonb,2) on conflict (id) do nothing;
insert into categories (id,name,slug,hero_image,description,seo,sort) values ('cat-coord','Co-Ord','co-ord','https://picsum.photos/seed/vf-coord/900/1200','Coordinated top + bottom fabric sets, matched prints and stripes designed to be sold together.','{"title":"Co-Ord Set Fabrics | Vintage Fabric","description":"Co-ord set fabrics (matched top + bottom) by Vintage Fabric. Floral, foil and discharge designs for modern ethnic wear.","keywords":["co-ord set fabric","coordinated fabric set","top bottom fabric set"]}'::jsonb,3) on conflict (id) do nothing;
insert into categories (id,name,slug,hero_image,description,seo,sort) values ('cat-3piece','3-Piece','3-piece','https://picsum.photos/seed/vf-3piece/900/1200','Three-piece suit sets, plain kurti, bottom and a printed dupatta, ready to stitch into a complete look.','{"title":"3-Piece Suit Fabrics | Vintage Fabric","description":"Three-piece suit fabric sets (kurti + bottom + printed dupatta) by Vintage Fabric, Ahmedabad.","keywords":["3 piece suit fabric","unstitched suit set","dupatta suit set"]}'::jsonb,4) on conflict (id) do nothing;

insert into qualities (id,name,code,slug,fabric_type,width,composition,foil,hero_image,category_id,seo) values ('q-cambric-procian-heavy','60×60 Cambric Procion Heavy Print','cambric-procian-heavy-print','cambric-procian-heavy-print','60×60 Cambric','58"','100% Cotton',true,'https://picsum.photos/seed/vf-q-cambric/900/1200','cat-coord','{"title":"60×60 Cambric Procion Heavy Print | Vintage Fabric","description":"60×60 cambric Procion heavy print, 58\" width, 100% cotton, foil finish. A signature Vintage Fabric quality.","keywords":["cambric fabric","Procion print","60x60 cambric","foil print fabric"]}'::jsonb) on conflict (id) do nothing;
insert into qualities (id,name,code,slug,fabric_type,width,composition,foil,hero_image,category_id,seo) values ('q-vertical-discharge','Vertical Discharge 56"','vertical-discharge-56','vertical-discharge-56','Discharge Print','56"','100% Cotton',true,'https://picsum.photos/seed/vf-q-discharge/900/1200','cat-coord','{"title":"Vertical Discharge 56\" Foil | Vintage Fabric","description":"Vertical discharge print, 56\" width, foil finish, used in the SOULITAIRE co-ord series.","keywords":["discharge print fabric","vertical discharge","foil fabric 56 inch"]}'::jsonb) on conflict (id) do nothing;
insert into qualities (id,name,code,slug,fabric_type,width,composition,foil,hero_image,category_id,seo) values ('q-dhabhu-plain','Dhabhu Plain','dhabhu-plain','dhabhu-plain','Dhabhu Plain','58"','100% Cotton',false,'https://picsum.photos/seed/vf-q-dhabhu/900/1200','cat-3piece','{"title":"Dhabhu Plain Cotton | Vintage Fabric","description":"Dhabhu plain cotton kurti base, 58\" width, paired with Procion printed dupattas in the INDRIYA 3-piece sets.","keywords":["dhabhu plain","plain cotton kurti fabric","kurti base fabric"]}'::jsonb) on conflict (id) do nothing;
insert into qualities (id,name,code,slug,fabric_type,width,composition,foil,hero_image,category_id,seo) values ('q-cotton-floral','Cotton Floral Print','cotton-floral-print','cotton-floral-print','Cotton Print','56"','100% Cotton',false,'https://picsum.photos/seed/vf-q-floral/900/1200','cat-coord','{"title":"Cotton Floral Print | Vintage Fabric","description":"Soft cotton floral print, 56\" width, the base of the UNIVERSE co-ord designs.","keywords":["cotton floral print","floral kurti fabric","printed cotton fabric"]}'::jsonb) on conflict (id) do nothing;

insert into collections (id,title,slug,type,hero_image,description,status,seo) values ('col-universe','UNIVERSE','universe','series','https://picsum.photos/seed/vf-universe/900/1200','Floral and printed co-ord sets with a contemporary, multi-region appeal, easy to wear, easy to sell.','published','{"title":"UNIVERSE Series | Vintage Fabric","description":"The UNIVERSE series: floral & printed co-ord set fabrics by Vintage Fabric.","keywords":["UNIVERSE series","co-ord fabric series","floral co-ord fabric"]}'::jsonb) on conflict (id) do nothing;
insert into collections (id,title,slug,type,hero_image,description,status,seo) values ('col-soulitaire','SOULITAIRE','soulitaire','series','https://picsum.photos/seed/vf-soulitaire/900/1200','Foil vertical-discharge co-ords with a jewel-like finish, premium designs for the discerning buyer.','published','{"title":"SOULITAIRE Series | Vintage Fabric","description":"The SOULITAIRE series: foil vertical-discharge co-ord set fabrics by Vintage Fabric.","keywords":["SOULITAIRE series","foil co-ord fabric","discharge co-ord set"]}'::jsonb) on conflict (id) do nothing;
insert into collections (id,title,slug,type,hero_image,description,status,seo) values ('col-indriya','INDRIYA','indriya','series','https://picsum.photos/seed/vf-indriya/900/1200','Three-piece sets pairing plain dhabhu kurti bases with Procion printed dupattas, a complete, ready-to-stitch look.','published','{"title":"INDRIYA Series | Vintage Fabric","description":"The INDRIYA series: 3-piece suit sets (plain kurti + printed dupatta) by Vintage Fabric.","keywords":["INDRIYA series","3 piece suit set","dupatta suit fabric"]}'::jsonb) on conflict (id) do nothing;
insert into collections (id,title,slug,type,hero_image,description,status,seo) values ('col-sunshine','SUNSHINE','sunshine','series','https://picsum.photos/seed/vf-sunshine/900/1200','Bright cambric Procion heavy prints with foil tops and matched bottoms, our sunniest, best-selling co-ords.','published','{"title":"SUNSHINE Series | Vintage Fabric","description":"The SUNSHINE series: 60×60 cambric Procion heavy print co-ord sets by Vintage Fabric.","keywords":["SUNSHINE series","cambric co-ord","heavy print co-ord set"]}'::jsonb) on conflict (id) do nothing;

insert into designs (id,title,slug,design_no,category_id,quality_id,collection_id,images,description,status,seo) values ('d-universe-10400','UNIVERSE Floral Co-Ord','universe-floral-co-ord-10400','D.No. 10400','cat-coord','q-cotton-floral','col-universe','{"front":{"url":"https://picsum.photos/seed/vf-d-10400-f/900/1200","alt":"UNIVERSE floral co-ord D.No. 10400, front view"},"back":{"url":"https://picsum.photos/seed/vf-d-10400-b/900/1200","alt":"UNIVERSE floral co-ord D.No. 10400, back view"},"colourways":[{"url":"https://picsum.photos/seed/vf-d-10400-c1/600/800","alt":"UNIVERSE D.No. 10400, wine colourway"},{"url":"https://picsum.photos/seed/vf-d-10400-c2/600/800","alt":"UNIVERSE D.No. 10400, teal colourway"},{"url":"https://picsum.photos/seed/vf-d-10400-c3/600/800","alt":"UNIVERSE D.No. 10400, mustard colourway"}]}'::jsonb,'A floral co-ord set from the UNIVERSE series, a printed top with a coordinated bottom on soft 56" cotton.','published',null) on conflict (id) do nothing;
insert into collection_items (collection_id,design_id) values ('col-universe','d-universe-10400') on conflict do nothing;
insert into designs (id,title,slug,design_no,category_id,quality_id,collection_id,images,description,status,seo) values ('d-universe-9241','UNIVERSE Printed Top + Striped Bottom','universe-printed-top-striped-bottom-9241','9241-TOP / 9242-BOTTOM','cat-coord','q-cotton-floral','col-universe','{"front":{"url":"https://picsum.photos/seed/vf-d-9241-f/900/1200","alt":"UNIVERSE printed top + striped bottom 9241/9242, front view"},"back":{"url":"https://picsum.photos/seed/vf-d-9241-b/900/1200","alt":"UNIVERSE printed top + striped bottom 9241/9242, back view"},"colourways":[{"url":"https://picsum.photos/seed/vf-d-9241-c1/600/800","alt":"UNIVERSE 9241, indigo colourway"},{"url":"https://picsum.photos/seed/vf-d-9241-c2/600/800","alt":"UNIVERSE 9241, rust colourway"}]}'::jsonb,'A co-ord pairing a printed top (9241) with a striped bottom (9242), a multi-region favourite.','published',null) on conflict (id) do nothing;
insert into collection_items (collection_id,design_id) values ('col-universe','d-universe-9241') on conflict do nothing;
insert into designs (id,title,slug,design_no,category_id,quality_id,collection_id,images,description,status,seo) values ('d-soulitaire-5025','SOULITAIRE Foil Co-Ord 5025','soulitaire-foil-co-ord-5025','D.No. 5025 FOIL','cat-coord','q-vertical-discharge','col-soulitaire','{"front":{"url":"https://picsum.photos/seed/vf-d-5025-f/900/1200","alt":"SOULITAIRE foil co-ord D.No. 5025, front view"},"neck":{"url":"https://picsum.photos/seed/vf-d-5025-n/900/1200","alt":"SOULITAIRE foil co-ord D.No. 5025, neck detail"},"colourways":[{"url":"https://picsum.photos/seed/vf-d-5025-c1/600/800","alt":"SOULITAIRE 5025, emerald foil colourway"},{"url":"https://picsum.photos/seed/vf-d-5025-c2/600/800","alt":"SOULITAIRE 5025, wine foil colourway"}]}'::jsonb,'A foil vertical-discharge co-ord set on 56" cotton, part of the premium SOULITAIRE series.','published',null) on conflict (id) do nothing;
insert into collection_items (collection_id,design_id) values ('col-soulitaire','d-soulitaire-5025') on conflict do nothing;
insert into designs (id,title,slug,design_no,category_id,quality_id,collection_id,images,description,status,seo) values ('d-soulitaire-5027','SOULITAIRE Foil Co-Ord 5027','soulitaire-foil-co-ord-5027','D.No. 5027 FOIL','cat-coord','q-vertical-discharge','col-soulitaire','{"front":{"url":"https://picsum.photos/seed/vf-d-5027-f/900/1200","alt":"SOULITAIRE foil co-ord D.No. 5027, front view"},"neck":{"url":"https://picsum.photos/seed/vf-d-5027-n/900/1200","alt":"SOULITAIRE foil co-ord D.No. 5027, neck detail"},"colourways":[{"url":"https://picsum.photos/seed/vf-d-5027-c1/600/800","alt":"SOULITAIRE 5027, sapphire foil colourway"},{"url":"https://picsum.photos/seed/vf-d-5027-c2/600/800","alt":"SOULITAIRE 5027, black foil colourway"}]}'::jsonb,'A second foil vertical-discharge co-ord (D.No. 5027) on 56" cotton from the SOULITAIRE series.','published',null) on conflict (id) do nothing;
insert into collection_items (collection_id,design_id) values ('col-soulitaire','d-soulitaire-5027') on conflict do nothing;
insert into designs (id,title,slug,design_no,category_id,quality_id,collection_id,images,description,status,seo) values ('d-indriya-6212','INDRIYA 3-Piece, Dhabhu Plain-9 + Procion Dupatta','indriya-3-piece-dhabhu-plain-9-6212','Dhabhu Plain-9 + Dupatta D.No. 6212','cat-3piece','q-dhabhu-plain','col-indriya','{"front":{"url":"https://picsum.photos/seed/vf-d-6212-f/900/1200","alt":"INDRIYA 3-piece Dhabhu Plain-9, kurti front view"},"dupatta":{"url":"https://picsum.photos/seed/vf-d-6212-d/900/1200","alt":"INDRIYA Procion printed dupatta D.No. 6212"},"colourways":[{"url":"https://picsum.photos/seed/vf-d-6212-c1/600/800","alt":"INDRIYA 6212, blush colourway"},{"url":"https://picsum.photos/seed/vf-d-6212-c2/600/800","alt":"INDRIYA 6212, sage colourway"}]}'::jsonb,'A 3-piece set: a Dhabhu Plain-9 kurti base with a Procion printed dupatta (D.No. 6212) and matching bottom.','published',null) on conflict (id) do nothing;
insert into collection_items (collection_id,design_id) values ('col-indriya','d-indriya-6212') on conflict do nothing;
insert into designs (id,title,slug,design_no,category_id,quality_id,collection_id,images,description,status,seo) values ('d-indriya-6210','INDRIYA 3-Piece, Dhabhu Plain-5 + Procion Dupatta','indriya-3-piece-dhabhu-plain-5-6210','Dhabhu Plain-5 + Dupatta D.No. 6210','cat-3piece','q-dhabhu-plain','col-indriya','{"front":{"url":"https://picsum.photos/seed/vf-d-6210-f/900/1200","alt":"INDRIYA 3-piece Dhabhu Plain-5, kurti front view"},"dupatta":{"url":"https://picsum.photos/seed/vf-d-6210-d/900/1200","alt":"INDRIYA Procion printed dupatta D.No. 6210"},"colourways":[{"url":"https://picsum.photos/seed/vf-d-6210-c1/600/800","alt":"INDRIYA 6210, peach colourway"},{"url":"https://picsum.photos/seed/vf-d-6210-c2/600/800","alt":"INDRIYA 6210, slate colourway"}]}'::jsonb,'A 3-piece set: a Dhabhu Plain-5 kurti base with a Procion printed dupatta (D.No. 6210) and matching bottom.','published',null) on conflict (id) do nothing;
insert into collection_items (collection_id,design_id) values ('col-indriya','d-indriya-6210') on conflict do nothing;
insert into designs (id,title,slug,design_no,category_id,quality_id,collection_id,images,description,status,seo) values ('d-sunshine-507','SUNSHINE Cambric Co-Ord (Top 507 / Bottom 105)','sunshine-cambric-co-ord-507-105','Top 507 (foil) / Bottom 105','cat-coord','q-cambric-procian-heavy','col-sunshine','{"front":{"url":"https://picsum.photos/seed/vf-d-507-f/900/1200","alt":"SUNSHINE cambric co-ord Top 507, front view"},"back":{"url":"https://picsum.photos/seed/vf-d-507-b/900/1200","alt":"SUNSHINE cambric co-ord Top 507, back view"},"colourways":[{"url":"https://picsum.photos/seed/vf-d-507-c1/600/800","alt":"SUNSHINE 507, sunflower colourway"},{"url":"https://picsum.photos/seed/vf-d-507-c2/600/800","alt":"SUNSHINE 507, coral colourway"},{"url":"https://picsum.photos/seed/vf-d-507-c3/600/800","alt":"SUNSHINE 507, wine colourway"}]}'::jsonb,'The SUNSHINE signature: a 60×60 cambric Procion heavy print co-ord, foil top (507) with matched bottom (105) on 58" cotton.','published',null) on conflict (id) do nothing;
insert into collection_items (collection_id,design_id) values ('col-sunshine','d-sunshine-507') on conflict do nothing;
insert into designs (id,title,slug,design_no,category_id,quality_id,collection_id,images,description,status,seo) values ('d-sunshine-512','SUNSHINE Cambric Co-Ord (Top 512 / Bottom 110)','sunshine-cambric-co-ord-512-110','Top 512 (foil) / Bottom 110','cat-coord','q-cambric-procian-heavy','col-sunshine','{"front":{"url":"https://picsum.photos/seed/vf-d-512-f/900/1200","alt":"SUNSHINE cambric co-ord Top 512, front view"},"back":{"url":"https://picsum.photos/seed/vf-d-512-b/900/1200","alt":"SUNSHINE cambric co-ord Top 512, back view"},"colourways":[{"url":"https://picsum.photos/seed/vf-d-512-c1/600/800","alt":"SUNSHINE 512, turquoise colourway"},{"url":"https://picsum.photos/seed/vf-d-512-c2/600/800","alt":"SUNSHINE 512, magenta colourway"}]}'::jsonb,'A companion SUNSHINE design, 60×60 cambric Procion heavy print with a foil top (512) and matched bottom (110).','published',null) on conflict (id) do nothing;
insert into collection_items (collection_id,design_id) values ('col-sunshine','d-sunshine-512') on conflict do nothing;
insert into designs (id,title,slug,design_no,category_id,quality_id,collection_id,images,description,status,seo) values ('d-universe-kurti-2201','UNIVERSE Printed Kurti 2201','universe-printed-kurti-2201','D.No. 2201','cat-kurti','q-cotton-floral','col-universe','{"front":{"url":"https://picsum.photos/seed/vf-d-2201-f/900/1200","alt":"UNIVERSE printed kurti D.No. 2201, front view"},"neck":{"url":"https://picsum.photos/seed/vf-d-2201-n/900/1200","alt":"UNIVERSE printed kurti D.No. 2201, neck detail"},"colourways":[{"url":"https://picsum.photos/seed/vf-d-2201-c1/600/800","alt":"UNIVERSE 2201, rose colourway"},{"url":"https://picsum.photos/seed/vf-d-2201-c2/600/800","alt":"UNIVERSE 2201, ink colourway"}]}'::jsonb,'A standalone printed kurti fabric on soft cotton, small all-over floral, easy to stitch and stock.','published',null) on conflict (id) do nothing;
insert into collection_items (collection_id,design_id) values ('col-universe','d-universe-kurti-2201') on conflict do nothing;
insert into designs (id,title,slug,design_no,category_id,quality_id,collection_id,images,description,status,seo) values ('d-sunshine-dress-880','SUNSHINE Cambric Dress Material 880','sunshine-cambric-dress-material-880','D.No. 880','cat-dress','q-cambric-procian-heavy','col-sunshine','{"front":{"url":"https://picsum.photos/seed/vf-d-880-f/900/1200","alt":"SUNSHINE cambric dress material D.No. 880, front view"},"colourways":[{"url":"https://picsum.photos/seed/vf-d-880-c1/600/800","alt":"SUNSHINE 880, amber colourway"},{"url":"https://picsum.photos/seed/vf-d-880-c2/600/800","alt":"SUNSHINE 880, plum colourway"}]}'::jsonb,'A flowing cambric dress material with a heavy Procion print, a versatile single-piece option for ready-to-wear.','published',null) on conflict (id) do nothing;
insert into collection_items (collection_id,design_id) values ('col-sunshine','d-sunshine-dress-880') on conflict do nothing;

insert into journal (id,title,slug,excerpt,body,tags,seo,published_at) values ('j-series','Why We Design in Series','why-we-design-in-series','We design in series rather than scatter one-off prints. What that means for the shelf, the reorder and the story a retailer tells.','It would be easier, in some ways, to chase one good print at a time. A pretty design comes along, you run it, you sell it, you move on. Plenty of the trade works exactly that way. We have chosen not to, and the reason has everything to do with the buyer standing at a shelf.

We design in series (UNIVERSE, SOULITAIRE, INDRIYA, SUNSHINE), and each one carries its own mood. UNIVERSE is floral and printed, contemporary, easy to wear and easy to sell across regions. SOULITAIRE is foil and discharge, deep and jewel-like, made for the buyer who wants something premium. INDRIYA is the complete three-piece, a plain dhabhu base and a printed dupatta ready to stitch. SUNSHINE is bright cambric, foil-topped and matched, our sunniest range, and our best-selling. They are not four random moods; they are four shelves a retailer can build around.

That is really the whole point of working in series. A retailer who stocks a series gets a set of designs that hang together, in widths and finishes that match, with a single clear story to tell the customer in front of them. "This is the SUNSHINE range" is an easier thing to say, and an easier thing to buy into, than a wall of unrelated prints. The shelf looks considered because it was considered.

It helps the dull, important work too. Series come with clean design numbers, which is what makes a reorder quick and exact six months later. A buyer does not have to describe a fabric from memory; they give us a D.No. and a series, and we know precisely what they mean. Most of our business is repeat business, and a tidy series is part of how we earn the second order, which, the way we see it, is the only order that really counts.',array['fabric collections','wholesale','behind the scenes'],'{"title":"Why We Design in Series | Vintage Fabric","description":"We design in series rather than scatter one-off prints. Here is what that means for the shelf, the reorder and the story a retailer tells.","keywords":["fabric design series","co-ord fabric collections wholesale","ethnic wear fabric supplier Ahmedabad","kurti fabric manufacturer India"]}'::jsonb,'2026-06-16') on conflict (id) do nothing;
insert into journal (id,title,slug,excerpt,body,tags,seo,published_at) values ('j-base-cloth','Cambric or Dhabhu: Choosing the Base Cloth','cambric-or-dhabhu-choosing-base-cloth','Both are honest cottons, but they behave differently under a print and on the body. A plain guide to choosing the right base.','No amount of finishing rescues a poor base cloth. We have said that elsewhere and we mean it, which is why the choice of base is the first decision in any fabric we make, long before the print is even discussed. For most of our range that choice comes down to two 100% cotton grounds: cambric and dhabhu. Both are honest cottons. They are not interchangeable.

Cambric is the lighter, finer of the two. It takes a fine print crisply, carries a foil well, and sits close and easy on the body, which is why so much of our cambric Procion and our brighter co-ords are built on it. If you are selling kurtis, dress materials and co-ord sets where the print needs to read sharp and the cloth needs to feel light through a long day, cambric is usually the answer.

Dhabhu has more substance to it. It holds a plain ground beautifully and gives a three-piece set the kind of body that a kurti base wants, which is exactly why INDRIYA pairs plain dhabhu kurti bases with a printed dupatta. A dhabhu plain is doing a different job from a cambric print; it is the steady, structured half of an outfit, the part the dupatta is allowed to be loud against.

The honest way to choose between them is to start from the garment and the market, not from the cloth. A light, print-led range leans towards cambric. A structured three-piece or a plain base meant to be stitched up wants dhabhu. If you tell us the garment you have in mind and the market you are selling into, we will tell you which base we would put it on, and why; and if a sample would settle it faster than a conversation, we will send one.',array['cambric','dhabhu','cotton fabric','buying guide'],'{"title":"Cambric or Dhabhu: Choosing the Base Cloth | Vintage Fabric","description":"Cambric and dhabhu are both honest cotton bases, but they behave differently under a print and on the body. A plain guide to choosing between them.","keywords":["cambric vs dhabhu fabric","cotton base cloth for kurti","best cotton fabric for ethnic wear","dhabhu plain fabric wholesale"]}'::jsonb,'2026-05-12') on conflict (id) do nothing;
insert into journal (id,title,slug,excerpt,body,tags,seo,published_at) values ('j-finishes','Foil, Discharge and Procion: A Plain Guide to Our Finishes','foil-discharge-procian-finishes-guide','Procion, discharge and foil. A plain explanation of the three finishes behind our range and what each one does on the cloth.','Most of the character in our range comes from three finishes, and a buyer who understands the difference between them stocks better and sells with more confidence. None of this is technical for its own sake; it is simply what is happening on the cloth in your hand.

A Procion print is the everyday backbone of the range. The colour is laid into the cotton and, done properly, it stays bright through a wash and sits true on the body. It is the finish that lets a floral look like a floral after a season of wear rather than a faded memory of one. The whole quality of a Procion print rests on two unglamorous things: a base cloth that takes the dye cleanly, and not rushing the print. We hold to both.

Discharge work goes at it from the other direction. Instead of adding colour onto a pale ground, the design is brought out of an already-dyed cloth, which gives those deep, settled tones you see across SOULITAIRE. It is a finish that rewards patience and punishes haste, and it is where a fabric earns the word premium honestly rather than on a label.

Foil is the one that catches the eye first. It is the shine, the jewel-like lift on a co-ord that makes a customer stop at the shelf. Foil also asks for a little respect in return: a cooler iron, a cloth laid over it, a gentler wash, and we say so plainly rather than letting a buyer find out the hard way. Looked after, it holds its shine on the shelf and on the body for a long time.

In practice you rarely choose one finish in isolation. A SUNSHINE co-ord might carry a Procion heavy print on the bottom and a foil top above it; a SOULITAIRE piece leans on discharge for its depth. Knowing which finish is doing what is simply knowing what you are selling, and that is usually the difference between a buyer who reorders and one who guesses.',array['foil print','discharge print','Procion print','fabric finishes'],'{"title":"Foil, Discharge and Procion: A Plain Guide to Our Finishes | Vintage Fabric","description":"A plain explanation of the three finishes behind our range, Procion print, discharge and foil, and what each one does on the cloth and on the body.","keywords":["foil print fabric","discharge print fabric","Procion print cotton","types of fabric finishes"]}'::jsonb,'2026-04-08') on conflict (id) do nothing;
insert into journal (id,title,slug,excerpt,body,tags,seo,published_at) values ('j-export-guide','A Short Guide to Sourcing Fabrics from India for Export','sourcing-fabrics-from-india-export-guide','The questions worth settling before your first order from Ahmedabad: width, composition, finish, lead times and design numbers.','Sourcing fabric from India is mostly straightforward once you know which questions to ask before the first order, rather than after it. We work out of New Cloth Market in Ahmedabad, one of the busiest cloth markets in the country, and the buyers who have the smoothest time are almost always the ones who pin down a few specifics early.

Start with width, because width is where a lot of quiet trouble lives. Most of our range runs at 56 or 58 inches, and the number on the spec sheet only matters if it holds from the start of the roll to the end, this lot and the next. Ask how width is checked, not just what it is. A fabric that drifts half an inch across a consignment will cost a garment maker far more in wasted cutting than they ever saved on the cloth.

Composition is the next thing to settle plainly. Our bases are 100% cotton, cambric and dhabhu mostly, chosen because they take a print cleanly and still feel right in the hand after stitching. Be specific about the base you want, because cambric and dhabhu behave differently under a print and on the body, and the right choice depends on your market and the garment.

Finishes deserve their own line in any conversation. Procion prints, foil and discharge work each travel and wash a little differently, and a buyer shipping abroad should know what to expect from each so there are no surprises at the far end. Ask for a sample, and where you can, wash it. A sample tells you more in an afternoon than a specification does in a week.

After that it comes down to lead times, design numbers and reorders. We will tell you honestly what is running, what is available in the widths you need, and what we can make to order, along with a realistic timeline rather than a hopeful one. Keep a note of the design numbers you stock; a clean D.No. is what makes a reorder quick and exact months later. And settle the routine details (GST and export documentation, sampling, packing) before the bulk, not during it. Sorted up front, an India order is dependable. The buyers who treat the second order as the real test, as we do, tend to find the whole thing easy.',array['export','sourcing','buyer guide'],'{"title":"Sourcing Fabrics from India for Export | Vintage Fabric","description":"What international buyers should confirm on widths, compositions, finishes and lead times when sourcing printed and foil cotton from Ahmedabad.","keywords":["sourcing fabric from India","fabric export from Ahmedabad","buy cotton fabric wholesale India","import printed fabric from India"]}'::jsonb,'2026-03-05') on conflict (id) do nothing;
insert into journal (id,title,slug,excerpt,body,tags,seo,published_at) values ('j-coord-trend','Why Co-Ord Sets Are Winning in Ethnic Wear','why-co-ord-sets-are-winning-ethnic-wear','A matched top and bottom removes the guesswork for the customer, which is why co-ords keep gaining ground with retailers and exporters.','There was a time when a retailer bought fabric by the panel and left the rest to the customer''s imagination. A printed length here, a plain bottom somewhere else, and the woman standing at the counter had to picture the whole garment before she was willing to buy any part of it. Co-ord sets quietly put an end to that. A printed top with a bottom chosen to sit beside it, sold as a single decision. It is a small idea, but it changed the way a shelf works.

We make a good deal of co-ord now, across UNIVERSE and SOULITAIRE in particular, and the reason has less to do with fashion than with arithmetic. A matched set is easier to sell because the hard part, the styling, is already done. The retailer is not asking a customer to imagine anything. She can see the whole look, and most of the time she buys the whole look.

It also photographs well, which matters more every year. A complete top-and-bottom shows far better in a WhatsApp catalogue or an online listing than a single flat panel of cloth ever could. And the format travels. The same co-ord idea carries a soft floral for one market and a deep foil discharge for another without changing what the buyer has to stock or how they sell it.

For a wholesaler or an exporter, that adds up to a higher average order and a tidier range. The one thing it depends on is discipline at our end. A co-ord only works if the two halves genuinely belong together: the same true width, colours that read as a pair under the same light, finishes that wear at the same rate. Get that wrong and you have two unrelated fabrics in one packet. Get it right, lot after lot, and the set sells itself.',array['co-ord sets','trends','retail'],'{"title":"Why Co-Ord Sets Are Winning in Ethnic Wear | Vintage Fabric","description":"Why coordinated top-and-bottom fabric sets keep gaining ground with retailers and exporters, from the manufacturer''s bench and the shop floor.","keywords":["co-ord set fabric wholesale","coordinated ethnic wear fabric","matching top and bottom fabric","ethnic wear fabric trends"]}'::jsonb,'2026-02-10') on conflict (id) do nothing;
insert into journal (id,title,slug,excerpt,body,tags,seo,published_at) values ('j-cambric-care','How to Care for Cambric & Cotton Print Fabrics','care-for-cambric-cotton-print-fabrics','Cold water, drying in shade and a cloth over the foil. The simple care that keeps printed cambric and cotton bright for years.','A good cambric print is honest cotton with a print that has been given time to set properly. Treat it that way and it will hold its colour and its hand for years. Most of the damage we ever hear about comes from the first few washes, when the garment is new and the owner is least careful with it.

For those early washes, cold water and a mild detergent do far more good than they get credit for. Turn printed pieces inside out before they go in; it is the simplest way to keep a foil or a Procion print away from the rubbing that dulls it. Harsh bleaches and strong powders have no place near a printed cotton; they take the brightness off faster than wear ever will.

Drying is where Procion colour is quietly won or lost. Dry in shade. A long stretch in direct sun will fade a bright print over a season in a way that no wash does, and once it has gone flat there is no bringing it back. The shade costs nothing and saves the colour.

When it comes to ironing, work on the reverse, at a medium setting. For anything with foil, lay a thin cloth between the iron and the design; foil and a hot plate do not forgive each other. And for storage, fold and keep the cloth somewhere cool and dry. A breathable cotton bag is better than plastic for the long term; plastic traps moisture, and trapped moisture is how marks and musty smells begin.

None of this is complicated, and none of it is new. It is simply the care a quality cotton was always meant to have, and the same care that lets a buyer''s customer come back and say the fabric lasted.',array['fabric care','cambric','cotton care'],'{"title":"How to Care for Cambric & Cotton Print Fabrics | Vintage Fabric","description":"How to wash, dry, iron and store printed cambric and cotton so the colour and hand-feel hold for years.","keywords":["how to wash cambric fabric","cotton print fabric care","how to wash foil print fabric","prevent fabric colour fading"]}'::jsonb,'2026-01-15') on conflict (id) do nothing;
